file,status,examples,failures,error_kind,duration_ms
vendor/ruby/spec/core/fiber/alive_spec.rb,pass,6,0,,3
vendor/ruby/spec/core/fiber/blocking_spec.rb,pass,13,0,,3
vendor/ruby/spec/core/fiber/current_spec.rb,pass,3,0,,3
vendor/ruby/spec/core/fiber/inspect_spec.rb,pass,6,0,,3
vendor/ruby/spec/core/fiber/kill_spec.rb,pass,7,0,,4
vendor/ruby/spec/core/fiber/new_spec.rb,pass,5,0,,3
vendor/ruby/spec/core/fiber/raise_spec.rb,pass,54,0,,5
vendor/ruby/spec/core/fiber/resume_spec.rb,pass,17,0,,5
vendor/ruby/spec/core/fiber/scheduler_spec.rb,pass,5,0,,5
vendor/ruby/spec/core/fiber/set_scheduler_spec.rb,pass,5,0,,3
vendor/ruby/spec/core/fiber/storage_spec.rb,pass,27,0,,5
vendor/ruby/spec/core/fiber/transfer_spec.rb,pass,16,0,,5
vendor/ruby/spec/core/fiber/yield_spec.rb,pass,6,0,,5
